order,Isolate,Phylum,Heated/control,actual_genome_size_bp,CDScount,MBCug,MBCugend,tend,GC,rrN,log2rrn,days to colony appearance,have genome?,IMG_taxon ID,MinGT,CMC,xylan degradation,chitin degradation,minimum pH,maximum pH,ph optimum,temperature range,Trange,Topt,salinity at no growth,CN medium maximum,glucose,formate,acetate,CMC,starch,glutamic acid,pyruvate,citrate,malic acid,glycerol,xylose,palmitate (NO YE),pyruvic acid methyl ester,tween40,tween80,alpha-cyclodextrin,glycogen,cellobiose,lactose,methyl-d-glucoside,xylose,erythritol,mannitol,NAG,glucosaminic acid,G-1-P,L-alpha-glycerol phosphate,galactonic acid gamma lactone,galacturonic acid,2-hydroxybenzoic acid,4-hydroxy benzoic acid,gamma-hydroxybutyric acid,itaconic acid,alpha-ketobutyric acid,d-malic acid,l-arginine,l-asparagine,l-phenylalanine,l-serine,l-threonine,glycyl-l-glutamic acid,phenylethylamine,putrescine,SUBUSE_count,Fructose (GN2),Galactose (GN2),Gentibiose (GN2),glucose (GN2),mannose (GN2),turanose (GN2),"D,L-lactic acid (GN2)",D-glucose-6-phosphate (GN2),mellibiose,glucuronic acid,succanimic acid,hydroxy-l-proline(GN2),fucose (GN2),alphaketoglutaric acid (GN2),glucuronamide,L-rhamnose (GN2),D-sorbitol (GN2),sucrose (GN2),lactulose (GN2),gamma-aminobutyrate (GN2),uridine (GN2),genome - NAGase (EC:3.2.1.52),genome - BG (COG2723; broad specificity cellobiase),Gram_stain,cell morphology,CELL WIDTH,CELL HEIGHT,cylindrical_volume_pm3,expected_dry_mass(BNID110388),expected_ribosome_ATPcost_Vmax,colony morphology,colony morphology plate age (days),colony morphology media type,motile?,catalase,plate age catalase test (days),BG in summer2016 mixed C,oxygen,oxidaseGenes,survive pasteurization?,fraction of genes in KEGG flagellar assembly pathway,PDB_growth,SuccinateVL55,Succinate_roller_transfer1,glucose Roller transfer 2,Succinate_roller_transfer2,pyruvate roller transfer 2,succinate (GP12_147),Glucose (GP12_147),pyruvate (GP12_147),PYGCMS (GP12_147),MINERAL LEACHATE (GP12_147),oak litter leachate (GP12_147),litterVL55+YE,PYGCMS,OHleach,OAKLEACH,Amino acids required for growth (all but 1 assay),umaxRollerglucose,,eub338/Eub518 amplicon length (primerBLAST),EEA_countOrig,EEA_count,scaffold_count,cazy_domain_count,Thiamine salvage (Roller; has all of (K00941) or thiDE (K14153); thiE (K00788) or thiDE (K14153); thiL (K00946)),"Motility (Roller; cheA (K03407), cheY (K03413), fliM (K02416), and fliN (K02417))",PTStransporterCount,TCDB_transporterCount,TransAAP_transporterCount,sharedTransporters,transaapOnly,tcdbOnly,totaltransporters,transportersperMBP,BGperOD,BXperOD,CBHperOD,NAGperOD,PHOSperOD,totalEEA,COG_catPcoaAxis1,COG_catPcoaAxis2,MAPLE2.3_80pathwaycount,Prot_CUE,CprotPerCresp,CperATP,EntnerDouderoffMAPLE,EmbdenMeyerhoffMAPLE,MILC_average,GCB_average,Bbias_average,ABC_density,ABC_count,deltaENC,deltaENCprime_Vieira-Silva
1,24YEA27,Alphaproteobacteria,control,5082392,5305,7.276032,26.44992,49,63,4,2,,yes,644736340,2.23,,,,,,,30-Apr,26,ND,,,,,,,,,,,,,,,,,,,,,,,,,,,,,,,,,,,,,,,,,,,,,,0,,,,,,,,,,,,,,,,,,,,,,NA,NA,negative,,2.31,1.53,5.551660769,1.83E-08,6.77E+12,,,,,has gene,,,,aa3 type cytochrome c oxidase subunit iv,,,,,,,,,,,,,,,,,,,,,,,,25,12,68,0,1,0,458,792,111,681,111,903,177.67,0,0,0,0,,0,-0.013435142,-0.025844619,132,0.872,8.891,2.052,1,1,0.556290837,0.912311766,0.316697136,56.27271568,127,0.098,0.062
1,24YEA8,Alphaproteobacteria,control,5011740,4787,N/A,N/A,N/A,63,4,2,,yes,2615840648,3.12,N,N,N,5.5,11,NA,14-30,16,,5,3,Y,N,N,N,N,Y,N?,N?,N?,N?,N?,,3,3,3,3,3,2,2,2,3,3,3,3,3,3,2,3,3,INHIBIT,INHIBIT,3,3,0,3,2,3,2,4,0,3,3,3,26,,,,,,,,,,,,,,,,,,,,,,Ga0131992_1745,NA,negative,BACILLI,2.59,1.234,5.020355068,1.66E-08,1.17E+13,"milky, flat, and spreading with rased center; does not form clear colonies since appears motile. Edges irregular",2,R2A,N,negative (genome says +),7,no,facultative aerobe,cytochrome bd-i ubiquinol oxidase; aa3 type cytochrome c oxidase subunit iv,killed,68,Y,weak,,Y,N,N,N,Y,N,Y,Y,Y,Y,N,N,N,valine,0.1,,,36,13,7,112,0,1,0,464,158,40,118,423,581,115.93,0,,,,,0,,,,,,,0,1,,,,66.24445801,137,,
1,28YEA46,Alphaproteobacteria,heated,6427626,6025,N/A,N/A,N/A,61,2,1,,yes,2617270923,1.49,N,N,N,5.5,10,5.5,ND,,,3,1 or 2,Y,N,N,Y,Y,Y,Y,Y,Y,Y,Y,,4,4,3,2,4,2,3,,3,,2,3,3,1,2,,,,4,2,2,3,4,,,,1,4,3,,,20,,,,,,,,,,,,,,,,,,,,,,"Ga0131993_2837; Ga0131993_1925",NA,negative,BACILLI,,,N/A,0,0,"10 days growth - tiny punctate round edges entire, white/cream, slightly raised",10,R2A,N,positive (genome confirms),10,,"capable of microaerophilic, anaerobic, and aerobic growth",cytochrome bb3 quinol oxidase; cytochrome bd-i ubiquinol oxidase; aa3 type cytochrome c oxidase subunit iv,killed (2/3) but repeat,68,Y,Y,Y,,y,,Y,N,N,Y,Y,Y,Y,Y,Y,Y,none,0.04,,,100,42,2,157,1,1,0,502,,,,,,,0,,,,,0,,,,,,,0,1,,,,48.07373671,81,,
1,Aalpinus,Actinobacteria,,4622641,4315,3.4136064,51.6096,28.5,61,6,2.584962501,,yes,2619618868,1.49,,,,,,,20-Apr,16,"GR 20, yield 10",,,,,,,,,,,,,,,,,,,,,1,,,,1,,,,,,,,,,,,,,,,,,,,,0,,,,,,,,,,,,,,,,,,,,,,Ga0074742_2203;Ga0074742_0228,Ga0074742_0294;Ga0074742_1270,positive,,,,N/A,,,,,,,has gene,,,,cytochrome bd-i ubiquinol oxidase,,,,,,,,,,,,,,,,,,,,,,,,38,2,130,1,0,3,428,397,230,167,131,528,114.22,24.7,0.27,0.46,0,0.9,26.33,0.007905257,-0.082357796,114,0.901,15.808,3.648,0,1,0.581383114,0.86026962,0.337354661,28.33877863,91,0.127,0.085003683
1,AB35.6,Acidobacteria,heated,4809171,4016,N/A,N/A,N/A,60,2,1,2,yes,2634166197,1.5,Y,Y,N,5,9,5.5,25-Apr,21,,1,6,Y,inhibit,inhibit,Y,Y,Y,N,N,N,Y,Y,Y,2,1,2,2,2,3,3,1,5,2,1,1,1,3,2,1,2,,,2,1,3,2,,,,1,,2,,,22,3,3,3,3,3,,,,3,3,,,3,3,3,3,3,3,3,3,3,Ga0132020_5515; Ga0132020_0530,Ga0131994_2803,negative,COCCOBACILLI,0.9,1.5,2.12057325,0.000000007,3.96E+12,"after 7 days of growth on R2A at 14C under aeroic conditions, colonies of AB35.6 are donut-like, from round to oval, asymmetric, light pnik, punctate, edges entire, with considerable EPS production",7,R2A,N,positive (genome confirms),3,,microaerophile,,killed,19,Y,,,Y,N,N,N,Y,N,Y,Y,Y,Y,N,Y,N,proline,0.06,,172,186,86,2,495,1,0,0,378,,,,,,,0,,,,,0,0.114060072,-0.023679226,,,,,0,1,0.565694092,0.899302363,0.315095318,6.861889502,27,,
1,AN5,Alphaproteobacteria,control,5527901,5256,7.15536,192.24576,197,59,4,2,<1,yes,2690315640,5.06,N,N,N,5.5,10,,Apr-37,33,20-30,5,,Y,Y,Y,Y,Y,Y,Y,N,N,N,N,,2,,,,2,2,,3,,,2,,2,2,,3,,,,2,,,,,3,2,3,2,3,,,13,,,,,,,,,,,,,,,,,,,,,,Ga0066779_3936,Ga0066779_2117,negative,BACILLI,1.23,1.9,3.670947915,1.21E-08,1.13E+13,"circular, entire, convex, smooth, creamy, medium",4,R2A,Y,positive (genome confirms),,,,aa3 type cytochrome c oxidase subunit iv,,68,Y,,,Y,Y,Y,Y,Y,Y,Y,Y,Y,Y,N,N,N,,0.17,,172,110,55,4,195,0,1,0,512,674,203,471,311,985,178.19,33,3.9,19.4,13,5.4,74.7,-0.07175531,-0.09196459,152,0.842,9.119,2.104,1,1,0.567169953,0.868315202,0.321401905,55.35554996,168,0.156,0.087356363
1,AN6A,Alphaproteobacteria,heated,5625739,5217,6.743007776,234.82368,164,59,4,2,<1,yes,2690315646,2.18,N,N,N,5.5,10,,Apr-37,33,20-30,5,,Y,Y,Y,Y,Y,Y,Y,N,N,N,N,,2,3,3,2,2,3,3,3,3,,3,3,2,3,2,3,2,,2,2,2,2,3,,3,2,3,3,3,2,3,27,,,,,,,,,,,,,,,,,,,,,,Ga0066779_5144,Ga0066778_1107,negative,BACILLI,1.04,2.4,3.92070432,1.29E-08,1.19E+13,"circular, entire, convex, smooth, creamy, medium",4,R2A,Y,positive (genome confirms),,,"capable of microaerophilic, anaerobic, and aerobic growth",aa3 type cytochrome c oxidase subunit iv,,68,Y,,,Y,Y,Y,Y,Y,Y,Y,Y,Y,Y,,,,,0.166,,172,108,54,5,185,0,1,0,520,406,112,294,408,814,144.69,27.1,2.2,14.95,9.6,3.5,57.35,-0.080535975,-0.092898293,150,0.853,9.161,2.114,1,1,0.566025487,0.859357286,0.319087299,60.61425886,168,0.149,0.094010307
1,BS19,Gammaproteobacteria,,5305354,4855,5.209642667,93.43488,23.83,54,7,2.807354922,,yes,2690315650,6.01,N,N,N,4,11,8-Jul,30-Apr,26,30,,,,,,,,,,,,,,,3,3,3,,,3,3,3,,,3,3,3,3,3,3,3,,,,,,?,,3,,3,,3,,,15,,,,,,,,,,,,,,,,,,,,,,Ga0316357_111518,Ga0316357_11162;Ga0316357_111820;Ga0316357_112393;Ga0316357_113824;Ga0316357_113839,positive,,,,N/A,,,,,,,has gene,,,,,,,,,,,,,,,,,,,,,,,,,,,,49,4,99,1,0,1,610,679,328,351,282,961,181.14,0.82,0,1.05,2.7,400,404.57,-0.024841181,-0.105871376,200,0.866,10.566,2.438,0,1,0.611429567,0.826983272,0.362469494,39.20567789,157,0.091,0.125029272
1,BS40,Actinobacteria,,4147095,4479,5.166618947,64.72704,27.5,64,5,2.321928095,,yes,2690315651,5.19,N,N,N,5,11,5.5-7,30-Apr,26,30,,,,,,,,,,,,,,,3,3,3,1,3,0,0,1,3,2,2,3,2,2,2,2,3,0,2,0,0,1,2,2,2,1,2,3,2,0,0,23,,,,,,,,,,,,,,,,,,,,,,Ga0316366_113917;Ga0316366_113061,Ga0316366_113304,negative,,,,N/A,,,,,,,has gene,,,,,,,,,,,,,,,,,,,,,,,,,,,,32,3,130,1,0,2,436,516,265,252,171,687,165.66,1.27,0.04,0.01,6.6,606,613.92,-0.063494793,-0.065691747,102,0.833,10.566,2.438,0,1,0.566426838,0.872023404,0.312466619,22.66646894,94,0.115,0.091490431
1,BS60,Alphaproteobacteria,,5265711,4927,3.8016,59.78112,36.25,57,4,2,,yes,2690315654,1.71,N,N,N,5,11,7-Jun,Oct-37,27,30,,,,,,,,,,,,,,,3,3,3,3,3,3,3,,1,3,3,3,3,2,,,3,,3,,,,3,,3,,3,3,1,,,19,,,,,,,,,,,,,,,,,,,,,,Ga0316365_11909,Ga0316365_12440,positive,,,,N/A,,,,,,,no catalase gene,,,,aa3 type cytochrome c oxidase subunit iv,,,,,,,,,,,,,,,,,,,,,,,,47,3,99,0,0,1,521,443,130,314,391,835,158.57,0,0.15,0.11,0,0.71,0.97,-0.093064146,-0.058545737,148,0.827,8.75,2.019,1,1,0.575672593,0.843830221,0.329557189,57.73199479,140,0.145,0.038385824
1,BS71,Actinobacteria,,4144138,3961,5.2918656,42.36288,78.5,68,1,0,,yes,2690315676,1.83,N,N,N,3,9,7-Jun,30-Apr,26,30,,,,,,,,,,,,,,,4,4,4,2,2,1,2,1,2,4,4,4,3,2,2,2,4,1,3,,1,1,2,2,3,1,3,4,2,1,1,29,,,,,,,,,,,,,,,,,,,,,,Ga0316364_122178;Ga0316364_121435;Ga0316364_12303,"Ga0316364_12643;Ga0316364_12657;Ga0316364_121311;Ga0316364_121426;Ga0316364_121431;Ga0316364_122139;Ga0316364_122592;Ga0316364_123444;Ga0316364_123460",negative,,,,N/A,,,,,,,has gene,,,,,,,,,,,,,,,,,,,,,,,,,,,,29,5,176,0,0,0,396,449,177,272,219,668,161.19,42,5.58,7.2,3.9,4.6,63.28,-0.004672687,-0.092196816,98,0.819,6.131,1.415,0,1,0.538905462,0.933197283,0.263767187,28.47395526,58,0.089,0.015981595
1,Cpinensis,Bacteroidetes,,9127347,7301,4.66816,79.13472,44,45,6,2.584962501,,yes,2690315678,6.45,,,,,,,30-Apr,26,30,,,,,,,,,,,,,,,,1,1,,,,1,,,,,,,,,,,,,,,,,,,,,,,,,0,,,,,,,,,,,,,,,,,,,,,,Cpin_5260;Cpin_4994;Cpin_1915;Cpin_1798;Cpin_1487,Cpin_1838,negative,,,,N/A,,,,,,,has gene,,,,,,,,,,,,,,,,,,,,,,,,,,,,190,,373,1,0,0,464,355,201,154,260,615,67.38,8,9.9,1.9,77.7,33,130.5,0.163744806,0.053417298,89,0.829,11.527,2.66,0,1,0.583735698,0.895114248,0.343020164,4.272873596,29,0.137,0.056363458
1,EB153,Acidobacteria,outside,6152256,5103,N/A,N/A,N/A,57,1,0,,yes,2690315679,3.27,,,,,,,,,,,,,,,,,,,,,,,,,,,,,,,,,,,,,,,,,,,,,,,,,,,,,,,0,,,,,,,,,,,,,,,,,,,,,,,Ga0299899_2376;Ga0299899_3821,negative,,,,N/A,0,0,,,,,has gene,,,,,,,,,,,,,,,,,,,,,,,,,,,,,,,1,1,0,,,,,,,,0,,,,,0,0.134118602,0.031804723,,,,,0,1,,,,4.876260026,21,,
1,EB88,Acidobacteria,outside,4475085,3653,N/A,N/A,N/A,63,2,1,,yes,2690316366,6.14,,,NG,<4.5,6,,25-Apr,21,20,,,,,,,,,,,,,,,,,,,,,,,,,,,,,,,,,,,,,,,,,,,,,,0,,,,,,,,,,,,,,,,,,,,,,Ga0247407_152883,Ga0247407_152087;Ga0247407_152467,negative,,,,N/A,0,0,"small, bright red, waxy, medium colonies with edges undulate with age in absence of competition,",,R2A5,,weak/weak/weak,,,,,did not grow on either plate,,,,,,,,,,,,,,,,,,,,,,,,5,239,1,0,0,355,238,60,178,114,352,78.66,0,,,,,0,,,62,,,,0,1,,,,5.809945509,20,,
1,EB95,Acidobacteria,outside,4462202,3850,5.558501053,407.28576,344,56,1,0,5,yes,2690316367,2.24,N,N,N,5.5,6.5,,15-30,15,30,,,,,,,,,,,,,,,3,,,,,3,,,,,,3,3,,,3,,,,3,,,,,,,,,,,,5,3,3,3,3,3,3,3,3,,,,,,,,,,,,,,,Ga0197604_0398,negative,BACILLI,1.58,2.71,6.725830031,2.22E-08,1.09E+13,"Small, circular, glistening, smooth, non-pigmented(white), opaque",8,R2A,NO GROWTH,positive,,,not capable of anaerobic growth; capable of aerobic growth,,killed,,Y,,,N,N,N,Y,Y,N,Y,Y,Y,,,,,none,0.036,,172,111,111,2,378,1,1,0,353,288,161,127,191,479,107.35,6.4975,48.375,8.975,4.2,0.4,68.4475,0.087860159,-0.039528953,76,0.868,14.192,3.275,0,1,0.684664305,0.654760137,0.433101766,6.723138038,23,0.175,0.000955727
1,GAS106B,Betaproteobacteria,heated,8581175,7611,6.182710751,59.35104,55.5,61,8,3,1,yes,2693429786,5.35,Y,Y,N,4,9,5.5,NA,,,3,3,Y,N,Y,N,N,Y,N,Y,Y,Y,Y,Y,3,5,3,2,2,5,3,1,3,3,3,3,3,4,1,1,1,,2,1,,,,4,3,3,3,3,3,,,24,,,,,,,,,,,,,,,,,,,,,,Ga0131995_2546,Ga0131995_6719;Ga0131995_3919,negative,COCCOBACCILI,1.6,2.9,7.2884888,2.41E-08,8.89E+12,,,R2A,NO GROWTH,positive (genome confirms),,,,cytochrome bd-i ubiquinol oxidase,killed,97,Y,,Y,,,,,,,Y,N,Y,N,Y,Y,Y,,0.221,,,67,67,4,293,1,1,2,636,1038,369,669,266,1304,151.96,70,9.6,36.6,0,5.4,121.6,-0.026168462,-0.028176684,162,0.826,11.346,2.618,1,1,0.581678787,0.882130633,0.324471231,34.96024729,135,0.072,0.054770325
1,GAS113,Alphaproteobacteria,control,10286634,9636,N/A,N/A,N/A,64,1,0,7,yes,2693429787,6.83,-,-,-,5.5,7.5,6,30-Apr,26,,0.5,5,N,N,N,N,N,N,N,N,Y,Y,N,Y,,,,,,,,,2,,1,,,2,,,,2,2,1,,,,,,,,,,,,6,,,,,,,,,,,,,,,,,,,,,,Ga0131996_02727,NA,negative,BACILLI,1.92,1.27,3.830226528,1.26E-08,4.67E+12,"after 17 days of growth on R2A at 14C, colonies appear punctate, round, edges entire, and barely visible under 45x magnification.",17,R2A,NO GROWTH,weak (genome confirms +),22,,,cytochrome bd-i ubiquinol oxidase;aa3 type cytochrome c oxidase subunit iv,,68,Y,weak,,,,,,,,Y,Y,Y,Y,Y,N,Y,no growth,,,,58,20,4,284,1,1,2,556,,,,,,,0,,,,,0,-0.048251398,0.019011885,,,,,0,1,,,,52.30087899,133,,
1,GAS138,Alphaproteobacteria,outside,9092036,8922,N/A,N/A,N/A,61,1,0,10,yes,2693429820,5.16,N,N,N,5.5,7,6.5,14-25,11,,0.5,2,N,N,N,N,N,Y,Y,Y,Y,N,Y,,,1,1,4,1,,,,1,,,,,1,,,,1,,4,,1,,,,1,,,,,,10,,,,,,,,,,,,,,,,,,,,,,Ga0131997_4558,NA,positive,BACILLI,4.57 (2.02 by Alex's 8.22.2017 measurements),.95 (1.11 by Alex's measurements),N/A,,,15 days growth colonies too tiny to see. White,15,R2A,NO GROWTH,negative (genome says +),12,,"capable of aerobic, microaerophilic, growth. NOT anerobic",cytochrome bb3 quinol oxidase; cytochrome bd-i ubiquinol oxidase; aa3 type cytochrome c oxidase subunit iv,killed,68,Y,Y,,,,,N,Y,Y,Y,N,Y,Y,Y,Y,Y,no growth,0.01,,,128,32,1,240,1,1,1,560,,,,,,,0,,,,,0,-0.017881963,0.06692882,,,,,0,1,,,,33.65582802,90,,
1,GAS165,Alphaproteobacteria,warm,6132387,5844,N/A,N/A,N/A,62,1,0,10,yes,2693429821,1.96,N,N,N,6,8,6,14-37,23,,,,N,N,Y,Y,Y,Y,Y,Y,Y,Y,Y,,,3,3,3,3,3,,3,3,3,3,2,2,2,,,2,,,3,1,2,,1,2,2,2,2,2,,,22,,,,,,,,,,,,,,,,,,,,,,Ga0131998_5526;Ga0131998_2727,Ga0131998_4793,positive,STREPTOBACILLI,2.31 (12.45 by Alex's measurements - seems too long though!),"1.19 (1.65 by Alex's measurements - see file ""size and gram morphology 8.22.2017""",N/A,,,cannot be observed under 45x magnification (too small) after 26 days of growth,26,R2A,NO GROWTH,positive,25,no,"capable of aerobic, microaerophilic, growth. NOT anerobic",aa3 type cytochrome c oxidase subunit iv,killed,,N,Y,,N,N,N,Y,N,Y,Y,N,Y,Y,N,N,Y,no growth,,,,66,27,3,168,1,1,1,451,,,,,,,0,,,,,0,-0.064163314,0.041630669,,,,,0,1,,,,36.52737507,83,,
1,GAS188,Alphaproteobacteria,control,9090457,8370,4.813707907,25.15968,408,65,1,0,,yes,2693429825,0.88,N,N,NG,5.5,7,,25-Apr,21,20-25,,,Y,,,,,,,,,,,,,,,,,,,,,,,,,,,,,,,,,,,,,,,,,,,0,,,,,,,,,,,,,,,,,,,,,,Ga0131999_7433,NA,negative,1.66,0.942,,N/A,0,0,,,,NO GROWTH,positive (genome confirms),,,"capable of aerobic, microaerophilic, growth. NOT anerobic",cytochrome bd-i ubiquinol oxidase; aa3 type cytochrome c oxidase subunit iv,killed,68,Y,Y,,,,,N,Y,N,Y,N,Y,Y,N,N,Y,no growth,0.01,,172,52,52,3,265,1,1,2,540,1302,313,989,226,1528,168.09,0,0,0,0,2.4,2.4,-0.062660983,0.008587921,141,0.845,10.595,2.445,1,1,0.561069758,0.884656651,0.297156908,55.99278452,136,0.058,-0.034319288
1,GAS191,Alphaproteobacteria,outside,10013728,9363,N/A,N/A,N/A,64,1,0,7,yes,2693430033,6.73,-,-,NG,5.5,7.5,6.5,14-30,16,,0.5,5,N,inhibit,inhibit,,N,N,N,N,N,Y,Y,N,3,3,3,,,,,,3,3,,3,,,3,3,,,,3,3,,,,,,,,,,,9,,,,,,,,,,,,,,,,,,,,,,Ga0132000_3578,NA,negative,BACILLI,1.4,4.7,10.3358311,3.41E-08,1.46E+13,"circular, entire, flat, smooth, white",19,R2A,NO GROWTH,negative (genome says positive),12,no,"capable of aerobic, microaerophilic, growth. NOT anerobic",cytochrome bd-i ubiquinol oxidase; aa3 type cytochrome c oxidase subunit iv,killed,68,Y,Y,,N,N,N,,,,,Y,,Y,N,Y,N,no growth,0.02,"also a rapid ""false""? exponential phase upon inoculation...r = 1.342/.645/.375",,57,18,3,271,1,1,2,558,864,201,662,358,1221,121.93,0,,,,,0,-0.054189221,0.017918094,,,,,0,1,,,,53.22693007,132,,
1,GAS231,Alphaproteobacteria,outside,7584136,7604,N/A,N/A,N/A,63,1,0,10,yes,2693430034,5.41,N,N,N,5.5,9,5.5,14-30,16,,,5,,inhibit,inhibit,,Y,Y,,Y,INHIBIT,Y,,,3,1,,1,3,2,,3,3,2,3,2,2,1,1,1,1,,,3,1,,2,1,1,3,,2,,,,21,,,,,,,,,,,,,,,,,,,,,,Ga0132001_3829; Ga0132001_1740; Ga0132001_0178,,negative,BACILLI,1.1,3.7,6.39313565,2.11E-08,7.80E+12,"punctiform, flat, wrinkly, creamy",19,R2A,YES,negative (try younger plate?),,,"capable of aerobic, microaerophilic, growth. NOT anerobic",cytochrome bb3 quinol oxidase; cytochrome bd-i ubiquinol oxidase; aa3 type cytochrome c oxidase subunit iv,killed,68,Y,Y,,,,,Y,Y,N,Y,Y,Y,Y,Y,Y,Y,proline,,,,82,31,1,207,1,1,1,520,,,,,,,0,,,,,0,-0.067515127,0.04682445,,,,,0,1,,,,37.05102335,96,,
1,GAS232,Acidobacteria,outside,4851966,4098,1.0752,625.7664,313,56,1,0,2,yes,2693430035,5.83,N,N,N,5.5,10,5.5,30-Apr,26,20,1.5,2 or 3,Y,inhibit,inhibit,Y,Y,Y,N,N,N,Y,Y,N,3,,,,,3,3,,3,,,3,,,,3,3,,,,,,,,,,,,1,,,7,3,3,,3,2,,,2,3,2,2,2,,,,,,,,,,NA,Ga0132002_2705,negative,COCCI,1.76,1.42,3.925730864,0.000000013,7.42E+12,"after 7 days growth on pH6 R2A, mucoid, raised, round, pale pink, edges entire",7,R2A6,N,positive 5/7 (genome confirms),3,,"capable of aerobic, microaerophilic, and anaerobic growth",,killed,19,Y,Y,,,,,N,Y,N,Y,Y,Y,Y,Y,Y,Y,proline,0.06,,172,199,199,1,199,0,0,0,365,277,158,119,207,484,99.75,46.5,1.74,22.4,21.2,67,158.84,0.106424674,-0.018606191,71,0.854,12.394,2.86,0,1,0.618330277,0.804241816,0.372449878,6.595264682,26,0.198,0.002142676
1,GAS242,Alphaproteobacteria,warm,9184651,8491,N/A,N/A,N/A,62,1,0,8,yes,2695420309,1.48,Y,Y,N,5.5,8,6.5,Apr-37,33,,0.5,2,Y,inhibit,inhibit,Y,Y,,Y,N,Y,Y,Y,N,1,1,1,1,1,,1,1,,1,1,1,1,1,1,1,1,,,,1,,1,1,1,1,1,1,1,,,22,,,,,,,,,,,,,,,,,,,,,,Ga0132003_6808,Ga0132003_0033,negative,STREPTOBACILLI,1,9.8,15.393791,5.08E-08,1.88E+13,"after 7 days of growth on R2A at 14C, colonies appear punctate, round, edges entire, and barely visible under 45x magnification.",7,R2A,NO GROWTH,YYY,,no,"capable of microaerophilic, anaerobic, and aerobic growth",cytochrome bb3 quinol oxidase;cytochrome bd-i ubiquinol oxidase; aa3 type cytochrome c oxidase subunit iv,killed,68,Y,Y,,,,,,,,,,,Y,N,N,N,"threonine, tryptophan, arginine, aspartic acid,histidine, proline",,,,73,30,1,237,1,1,1,566,,,,,,,0,,,,,0,-0.046436615,0.056239127,,,,,0,1,,,,40.72011011,102,,
1,GAS332,Betaproteobacteria,outside,10416547,9364,8.280741266,589.2096,313,61,7,2.807354922,1,yes,2695420918,1.95,Y,N,N,3,9,5.5,Apr-37,33,20-30,3,2,Y,no,inhibit,,Y,Y,Y,Y,Y,Y,Y,,3,3,3,3,3,3,3,1,,3,3,3,3,3,3,3,3,,3,3,3,3,3,3,3,3,3,3,3,3,3,28,,,,,,,,,,,,,,,,,,,,,,Ga0132004_1175,Ga0132004_6740,negative,BACILLI,1.97,1.37,4.239418626,0.000000014,1.84E+13,"after 2 days of growth at 22C on R2A, colonies are small, cream round, slightly raised colonies with edges entire",2,R2A,YES,weak (genome confirms +),7,,"capable of microaerophilic, anaerobic, and aerobic growth",cytochrome bd-i ubiquinol oxidase,killed,97,Y,,Y,,,,Y,Y,Y,Y,Y,Y,Y,N,N,N,,0.28,,197,62,62,3,307,1,1,2,692,1190,396,794,295,1485,142.56,0,0.46,0,0,49,49.46,-0.028313843,-0.004398968,171,0.862,14.842,3.425,1,1,0.582384414,0.883874423,0.328829946,33.79238821,139,0.099,0.052098631
1,GAS368,Verrucomicrobia,warm,4150783,3564,2.709504,36.77184,120,66,1,0,6,yes,2695420919,6.08,Y,N,NG,6,7.5,6.5,NA,NA,,0.5,1,N,inhibit,inhibit,inhibit,N,Y,Y,Y,N,N,Y,Y,2,,1,,1,,,1,,2,1,,,,,,1,1,1,,,,,,,,,,,,,8,,,,,,,,,,,,,,,,,,,,,,Ga0132005_2530,Ga0132005_1725;Ga0132005_2935,positive,COCCI,1.8,1.8,5.0893758,1.68E-08,6.21E+12,,,,NO GROWTH,no catalase gene,,no,,,,0,N,Y,,N,N,N,Y,Y,N,Y,Y,Y,Y,N,Y,N,no growth,,,NO HIT,207,102,1,247,0,0,1,356,24,20,4,337,361,86.97,0,,,,,0,0.085709909,-0.0284454,,,,,0,1,,,,20.47806402,38,,
1,GAS369,Alphaproteobacteria,warm,7841944,7490,N/A,N/A,N/A,61,1,0,,yes,2695420948,6,-,-,N,6,8,7,Apr-37,33,,1,3,N,inhibit,inhibit,W,W,Y,Y,Y,Y,Y,Y,,3,3,3,1,4,,,,3,4,2,2,3,2,1,2,1,,,4,4,,2,2,,1,,,2,,2,20,,,,,,,,,,,,,,,,,,,,,,Ga0132006_1180,Ga0132006_6961,negative,BACILLI,2.905,0.926,4.225485674,1.39E-08,5.15E+12,"after 10 days of growth at 22C, colonies are tiny (barely visible under 45x magnification), white, round,",10,R2A,NONMOTILE,positive (genome confirms),,,capable of microaerophilic and aerobic growth. NOT anaerobic,cytochrome bb3 quinol oxidase;cytochrome bd-i ubiquinol oxidase; aa3 type cytochrome c oxidase subunit iv,killed,68,Y - at 25C,Y,,N,N,N,,,,Y,Y,Y,Y,N,N,Y,,,,,74,31,1,201,1,1,1,555,,,,,,,0,,,,,0,-0.075799512,0.041272815,,,,,0,1,,,,45.14186788,96,,
1,GAS401,Alphaproteobacteria,warm,7525117,7356,N/A,N/A,N/A,61,1,0,2,yes,2695420965,5.42,N,N,N,5.5,7.5,6.5,14-42,28,,1,5 or 6,Y,inhibit,inhibit,inhibit,Y,N,N,N,Y,Y,Y,,,,,3,3,,,,3,,2,3,,,,2,,,,3,,,,,,,2,2,,,,9,,,,,,,,,,,,,,,,,,,,,,Ga0132007_6578,Ga0132007_6877,negative,,"13.751 (maybe streptobacilus though? see file ""size and gram morphology 8.22.2017"" - Alex",1.282,N/A,,,,,,NO GROWTH,positive (genome confirms),25,,did not grow in assay under any atmosphere GP12-176,cytochrome bb3 quinol oxidase; cytochrome bd-i ubiquinol oxidase; aa3 type cytochrome c oxidase subunit iv,,68,N,Y,,,,,,,,,N,Y,Y,Y,N,Y,no growth,0.012333333,,,91,41,1,201,1,1,1,526,,,,,,,0,,,,,0,-0.048119018,0.033704059,,,,,0,1,,,,39.46782489,89,,
1,GAS466,Acidobacteria,control,6237028,5326,N/A,N/A,N/A,58,1,0,10+,yes,2695421015,6.89,,,,"6, not reliably on pH 5",,,NA,NA,,,,,,,,,,,,,,,,,,,,,,,,,,,,,,,,,,,,,,,,,,,,,,,0,,,,,,,,,,,,,,,,,,,,,,,Ga0299898_4105;Ga0299898_4374,positive,,2.15,1.12,3.78247436,1.25E-08,4.61E+12,"raised, gooey/sticks to loop like a partially dried booger, white to cream",30,R2A5,,has gene,,,,,,,,,,,,,,,,,,,,,,,,,,,,,,,,,0,416,,,,,,,0,,,,,0,0.117885757,0.027370163,,,,,0,1,,,,9.138968111,22,,
1,GAS474,Verrucomicrobia,outside,3763444,3221,5.4432,111.2832,266,66,1,0,>20,yes,2695421038,1.69,N,N,-,6,7,6.5,Dec-37,25,10-20c,0.5,3,Y,N,N,N,N,N,N,N,Y,N,N,,,2,,2,,,,,2,,,,,,,,,1,,1,,1,,,,1,,1,1,1,,10,,,,,,,,,,,,,,,,,,,,,,Ga0132008_2025,Ga0132008_0771;Ga0132008_1006,positive,?,2.65,1.11,4.620493493,1.52E-08,6.21E+12,"after 26 days of growth at 22c on R2A, colonies are punctate, perfectly round, well-adhered to agar, transparent, slightly raised, and with edges entire.",26,R2A,,negative (genome confirms),,,capable of microaerophilic and aerobicgrowth. NOT anaerobic,,killed,68,N,,,,,,,,,,,,N,,,,,0.011333333,,NO HIT,79,79,1,279,1,1,1,319,268,159,109,160,428,113.73,0.7,3.1,12.4,0,0,16.2,0.136101847,-0.05766919,49,0.866,12.262,2.83,0,1,0.598451342,0.884613606,0.300470042,17.0057001,39,0.069,0.000281316
1,GAS478,Alphaproteobacteria,control,11738562,11720,N/A,N/A,N/A,61,1,0,,yes,2698536699,5.25,,,NG,7,8,7.5,30-Apr,26,,0.5,"1,4,5",N,inhibit,inhibit,N,N,Y,N,inhibit,Y,Y,Y,,3,,,,,,,,,2,,,,3,,,,3,3,3,,,,,3,3,3,3,3,,,10,,,,,,,,,,,,,,,,,,,,,,"Ga0132009_07451,Ga0132009_04972,Ga0132009_04377,Ga0132009_01400","Ga0132009_00958,Ga0132009_00540",negative,COCCOBACCILI,2.7,2.7,11.45109555,3.78E-08,1.56E+13,"after 17 days of growth on R2A at 14C, colonies appear punctate, round, edges entire, and barely visible under 45x magnification.",17,R2A,N,negative (genome says positive),25,no,"capable of microaerophilic, aerobic, and anaerobic growth",cytochrome bb3 quinol oxidase; cytochrome bd-i ubiquinol oxidase; aa3 type cytochrome c oxidase subunit iv,killed,68,Y,Y,,N,Y,Y,N,N,N,Y,Y,Y,Y,N,Y,Y,proline,0.0127,,,88,36,4,255,1,1,1,609,,,,,,,0,,,,,0,0.00337584,0.093898207,,,,,0,1,,,,27.60133652,97,,
1,GAS479,Firmicutes,control,5519719,4931,7.364393514,745.1136,97,51,8,3,1,yes,2698536816,7.12,Y,Y,N,5,9,5.5,Apr-37,33,20-30,3,3,Y,inhibit,inhibit,N,N,Y,Y,Y,Y,Y,Y,,3,3,3,3,3,2,2,,2,2,3,3,3,3,3,2,2,,,2,2,2,2,1,3,2,3,3,3,,2,26,,,,,,,,,,,,,,,,,,,,,,Ga0132010_2065; Ga0132010_0686,NA,positive,BACILLI,2.22 (4.35 by Alex's 8.22.2017 measurements),1.25 (1.91 by Alex's measurements),N/A,,,"after 2 days of growth at 22c on R2A, colonies are cream, punctate, round, entire, slightly raised",2,R2A,N,positive (genome confirms),7,,,cytochrome bd-i ubiquinol oxidase,,68,Y,,,Y,Y,Y,Y,Y,Y,Y,Y,Y,Y,Y,Y,Y,,0.415,,197,96,96,1,386,0,1,3,441,637,250,387,190,827,149.83,0,0.1,1.9,0,0,2,0.087930153,-0.087312979,127,0.852,11.5,2.654,0,1,0.598714759,0.872209873,0.363132529,34.05970485,93,0.1192,0.084905894
1,GAS493,Actinobacteria,outside,4879921,4377,N/A,N/A,N/A,67,2,1,2,yes,2698537050,4.36,Y,Y,N,5.5,8,5.5,14-30,16,,1.5,2 or 3,Y,inhibit,inhibit,N,Y,N,Y,Y,N,N,Y,,3,6,5,3,4,1,2,2,6,2,2,1,2,3,2,3,3,1,1,4,1,2,2,1,1,1,3,,2,4,1,29,,,,,,,,,,,,,,,,,,,,,,"Ga0132011_1448,Ga0132011_1183",Ga0132011_3389; Ga0132011_4362,positive,COCCI,1.5,1.5,3.53428875,1.17E-08,1.38E+13,"After 7 days of growth at 14C, colonies are punctate to 3mm, flat to irregularly raised, cream-coloured, not shiny, edges smooth but colony shape is irregular",7,R2A,N,negative,12,,capable of microaerophilic and aerobic growth.NOT able to grow anaerobically,,survived,,Y,,,,,,Y,Y,N,Y,Y,Y,Y,Y,N,Y,,0.244,,,76,32,1,201,1,1,0,338,,,,,,,0,,,,,0,0.023720497,0.005870928,,,,,0,1,,,,13.11496641,44,,
1,GAS496,Actinobacteria,outside,6421161,6559,N/A,N/A,N/A,65,1,0,12,yes,2731957589,2.55,N,Y,N,5.5,7.5,5.5,Apr-37,33,,2,no clear winner,N,inhibit,inhibit,N,Y,Y,Y,,Y,Y,Y,,,3,3,,,,,,1,,1,,,,,,,2,2,,,,1,,,1,,,,1,1,10,,,,,,,,,,,,,,,,,,,,,,Ga0206403_13619,Ga0206403_112140,positive,BACILLI or STREPTOBACILLI,7.86,1.62,20.00124689,0.000000066,3.45E+13,"After3 days growth, microscopic, white, rod-shaped, edges entiew",3,R2A,N,negative,12,,"capable of microaerophilic, anaerobic, and aerobic growth",,killed,,Y,Y,,,,,N,N,N,Y,Y,Y,Y,Y,Y,N,none,0.046,,,85,50,83,249,1,0,1,391,,,,,,,0,,,,,0,-0.065121877,0.077264777,,,,,0,1,,,,17.13085842,47,,
1,GAS499,Alphaproteobacteria,outside,7909999,7538,N/A,N/A,N/A,62,1,0,,yes,2740892596,6.54,N,Y/W,NG,5.5,7.5,na,14-22,12,,0.5,2,,inhibit,inhibit,N,N,Y,Y,Y,Y,Y,Y,N,3,,,3,3,1,2,1,3,1,1,3,3,2,2,2,2,,,3,3,,3,1,2,3,2,1,2,2,3,25,,,,,,,,,,,,,,,,,,,,,,Ga0132012_7408; Ga0132012_5952,Ga0132012_2546,negative,BACILLI,1.9,6.4,19.1008672,0.000000063,2.33E+13,"after 17 days of growth on R2A at 14C, colonies appear punctate, round, edges entire, and barely visible under 45x magnification.",17,R2A,NO GROWTH,positive (genome confirms),,no,capable of microaerophilic and aerobic growth.NOT able to grow anaerobically,cytochrome bb3 quinol oxidase; cytochrome bd-i ubiquinol oxidase; aa3 type cytochrome c oxidase subunit iv,killed,68,N,Y,,N,N,N,N,N,N,Y,N,Y,Y,N,N,Y,tyrosine,,,,85,40,1,229,1,1,1,551,,,,,,,0,,,,,0,-0.056361121,0.046062554,,,,,0,1,,,,36.53603496,88,,
1,GAS522,Alphaproteobacteria,outside,8269569,7959,N/A,N/A,N/A,62,1,0,5,yes,2740892597,3.14,Y,N,-,5.5,8,6,14-22,12,,0.5,2,N,inhibit,inhibit,Y,Y,Y,Y,Y,Y,Y,Y,N,,2,,,1,,,,2,2,,1,,,,,,,1,1,1,,,,,,,,,,,8,,,,,,,,,,,,,,,,,,,,,,Ga0132013_7691; Ga0132013_3758,Ga0132013_0401;Ga0132013_4188,negative,BACILLI,2.28,1.38,4.942349388,1.63E-08,6.03E+12,"after 7 days of growth on R2A at 14C, colonies appear punctate, round, edges entire, and barely visible under 45x magnification.",7,R2A,N,positive (genome confirms),,no,,cytochrome bd-i ubiquinol oxidase;aa3 type cytochrome c oxidase subunit iv,,68,Y,Y,,,,,N,N,N,Y,Y,Y,Y,Y,Y,Y,proline,,,,244,56,2,208,1,1,1,543,,,,,,,0,,,,,0,-0.055695975,0.067887319,,,,,0,1,,,,38.09146523,100,,
1,GAS524,Alphaproteobacteria,outside,8339115,8068,N/A,N/A,N/A,62,1,0,4,yes,2747843220,4.36,-,-,NG,5.5,9,6.5,Apr-42,38,,2+,2,Y,inhibit,inhibit,W,W,Y,Y,Y,Y,Y,Y,,,,,3,3,,,,3,,2,3,2,,,,,,,3,,,,,2,,,,1,,,9,,,,,,,,,,,,,,,,,,,,,,Ga0132014_7442; Ga0132014_3408,Ga0132014_2980;Ga0132014_6756,negative,BACILLI,2.06,1.09,3.527063093,1.16E-08,4.30E+12,,,,NO GROWTH,positive (genome confirms),,,"capable of microaerophilic, anaerobic, and aerobic growth",cytochrome bd-i ubiquinol oxidase;aa3 type cytochrome c oxidase subunit iv,killed,68,Y,Y,,,,,N,N,N,Y,Y,Y,Y,Y,Y,Y,,,,,174,36,1,207,1,1,1,543,,,,,,,0,,,,,0,-0.052986926,0.068333635,,,,,0,1,,,,37.65387574,100,,
1,GAS525,Alphaproteobacteria,outside,7951160,7604,4.467638237,20.85888,415.5,61,1,0,8,yes,2747843221,6.38,N,N,NG,5.5,7.5,6,14-25,11,15-25,0.5,2,N,inhibit,inhibit,N,N,N,Y,Y,Y,Y,Y,,3,5,5,,3,,2,2,3,2,3,1,3,2,2,3,3,1,1,3,1,,2,1,2,2,1,2,2,1,,26,,,,,,,,,,,,,,,,,,,,,,Ga0132015_1962,Ga0132015_7488,negative,STREPTOBACILLUS,1.3,3.3,6.73871055,2.22E-08,8.22E+12,"after 17 days of growth on R2A at 14C, colonies appear punctate, round, edges entire, and barely visible under 45x magnification.",17,R2A,N,positive,,no,obligate aerobe,aa3 type cytochrome c oxidase subunit iv,killed,,Y,Y,,N,Y,N,Y,Y,Y,Y,N,Y,Y,Y,Y,N,proline,0.063,,,26,26,1,205,1,1,1,546,1062,296,766,249,1311,164.88,0,0,0,0,0,0,-0.075575849,0.041125008,133,0.822,8.173,1.886,0,1,0.563640577,0.930432701,0.318505918,45.77948375,95,0.127,-0.013995791
1,GAS86,Betaproteobacteria,warm,8319467,7429,6.044760615,10.10688,58.5,61,5,2.321928095,1,yes,2751185543,3.83,N,Y,N,3,9,5,30-Apr,25,20-25,3,3,Y,inhibit,inhibit,N,N,Y,Y,Y,Y,Y,Y,,2,3,3,3,2,2,3,2,,2,3,3,3,3,3,2,2,,INHIBIT,,,1,2,2,,2,2,,,,2,21,,,,,,,,,,,,,,,,,,,,,,Ga0132016_1689,Ga0132016_6273,negative,BACILLI,1.3,2.7,5.51349045,1.82E-08,1.65E+13,"after 2 days of growth at 22c on R2A, gas86 has smooth small cream colonies that are not perfectly round and are shiny",2,R2A,N,weak (genome confirms +),"7,2",no,"capable of microaerophilic, anaerobic, and aerobic growth",cytochrome bd-i ubiquinol oxidase,killed,97,Y,,Y,,,,,,,Y,Y,Y,Y,N,N,Y,,0.161,,,59,59,2,267,1,1,3,596,1045,339,706,257,1302,156.5,1.78,0.2,0,0,22,23.98,-0.042836586,-0.042037386,161,0.856,11.984,2.766,1,1,0.570854003,0.902400321,0.319480686,39.66600264,138,0.062,0.049576969
1,GAS95,Betaproteobacteria,warm,8526942,7571,N/A,N/A,N/A,63,6,2.584962501,1,yes,2767802315,0.38,Y,N,N,3,10,5.5,30-Apr,25,,3,3,Y,W,Y,W,Y,Y,Y,Y,Y,Y,Y,,3,3,3,3,3,3,3,3,3,3,3,3,3,3,3,1,3,,3,3,3,3,3,3,3,3,3,3,3,3,3,29,,,,,,,,,,,,,,,,,,,,,,Ga0132017_5311,Ga0132017_2494,negative,COCCOBACCILI,1.4,2.7,5.9376051,1.96E-08,1.98E+13,"after 2 days of growth at 22C on R2A, colonies are white, punctate, round, shiny, and spreadable",2,R2A,N,weak (genome confirms +),7,,"capable of microaerophilic, anaerobic, and aerobic growth",cytochrome bd-i ubiquinol oxidase,killed,97,Y,,Y,,,,,,,Y,Y,Y,Y,Y,Y,Y,,0.192333333,,,56,34,3,272,1,1,3,615,1001,338,673,277,1288,151.05,0,,,,,0,-0.029213943,-0.045049872,,,,,0,1,,,,36.7071806,141,,
1,GP183,Firmicutes,control,5830986,5850,6.675053115,66.87744,48,45,7,2.807354922,,yes,2767802438,0.445,-,-,-,5.5,10,6,30-Apr,25,20-25,0.5,2,Y,inhibit,inhibit,N,Y,N,W,inhibit,inhibit,Y,Y,,2,1,2,1,1,,1,1,3,1,1,1,1,1,1,2,1,,1,2,1,1,1,,1,1,1,1,1,1,1,27,,,,,,,,,,,,,,,,,,,,,,Ga0132018_4992; Ga0132018_4942; Ga0132018_3037,Ga0132018_2696,positive,SPINDLE-SHAPED,0.9,3.6,5.0893758,1.68E-08,6.21E+12,"microscopic, white, irregular shape, translucent",10,R2A,N,positive (genome confirms),,,,,,76,Y/weak,,,Y,Y (tubes confirmed),Y,,,,,,,Y,N,Y,N,none,,,197,174,87,3,352,0,1,2,444,694,256,438,188,882,151.26,0.42,0,0.33,0,0,0.75,0.01744089,-0.063968355,105,0.825,9.603,2.216,0,1,0.587198009,0.847987803,0.361941177,29.84057928,74,0.084,-0.065006155
1,GP187,Planctomycetes,control,10689158,8388,5.773541053,66.87744,266,63,8,3,8,yes,2785510734,4.15,N,N,NG,5.5,9,6,25-Apr,21,20-25,2,4,Y,inhibit,inhibit,inhibit,N,N,inhibit,inhibit,inhibit,N,Y,,2,3,3,2,3,,1,2,3,2,2,2,3,1,1,,2,,,3,2,,,,1,,2,2,3,1,,21,,,,,,,,,,,,,,,,,,,,,,,Ga0132019_6339,positive,FISH-SHAPED OR DONUTS,3.837,3.121,18.81070524,6.21E-08,2.93E+13,"microscopic, rod-like",10,R2A,N,no catalase gene,,no,obligate aerobe,cytochrome bd-i ubiquinol oxidase,,24,N,weak,,Y,Y,Y,Y,Y,N,N,Y,Y,Y,N,N,N,none,0.031,,NO HIT,282,141,5,456,0,0,2,428,383,186,197,241,624,58.38,0.02,0.0725,0,0,0.085,0.1775,0.227448223,0.096439446,79,0.836,12.456,2.874,0,1,0.563259866,0.936745504,0.305577701,6.080927983,47,0.076,-0.009602193
1,GP55,Actinobacteria,warm,8962713,8002,N/A,N/A,N/A,72,10,3.321928095,1,yes,2785511465,3.91,Y,Y,N,5.5,7.5,,Dec-37,25,ND,,,Y,N,Y,Y,Y,Y,N,N,Y,Y,Y,,3,3,3,,,,3,,,,,,,3,3,3,,,,,,,3,,,,,,,,,7,,,,,,,,,,,,,,,,,,,,,,"Ga0070144_7861,Ga0070144_4952",Ga0070144_7755;Ga0070144_7931,positive,COCCI,,,N/A,0,0,"irregular, undulate, raised, rough, creamy",4,R2A,MAYBS,weak (genome says catalase-peroxidase which I don't think counts as a catalase sensu-strictus),,,capable of microaerophilic and aerobic growth.NOT able to grow anaerobically,,survived,0,Y,,,,,,Y,Y,Y,Y,Y,Y,Y,Y,Y,Y,,0.088,,177,300,86,3,356,0,0,1,467,,,,,,,0,,,,,0,0.062692591,0.007309271,,,,,0,1,,,,11.49205603,74,,
1,MT12,Alphaproteobacteria,outside,8967172,8501,5.773541053,68.16768,198,64,1,0,2,yes,2806310493,1.53,,,N,5.5,7.5,6,30-Apr,26,20-30,1,2,Y,inhibit,inhibit,N,N,Y,Y,Y,Y,Y,Y,YYY,4,6,2,2,1,1,2,2,,2,1,3,2,1,1,2,1,,,3,,,2,2,3,2,1,,2,1,,23,,,,,,,,,,,,,,,,,,,,,,Ga0132020_5515; Ga0132020_0530,Ga0132020_3111,negative,STAPHYLOCOCCI,0.9,0.9,1.27234395,4.20E-09,2.86E+12,"after 7 days of growth on R2A at 14C, colonies appear punctate, round, edges entire, and barely visible under 45x magnification.",7,R2A,N,negative (but genome says +),12,no,obligate aerobe,cytochrome bb3 quinol oxidase; cytochrome bd-i ubiquinol oxidase;aa3 type cytochrome c oxidase subunit iv,killed,76,Y,,Y,Y,Y (tubes confirmed),Y,Y,Y,Y,Y,Y,Y,Y,N,Y,Y,,0.094,,172,188,94,2,253,1,1,1,578,1030,308,722,269,1299,144.86,0,0.08,1.98,0,3.1,5.16,-0.065075485,0.038682708,138,0.814,9.156,2.113,0,1,0.572298946,0.916646539,0.308286771,39.58884696,97,0.101,-0.009593663
1,MT34,Alphaproteobacteria,outside,8150868,7819,N/A,N/A,N/A,62,1,0,6,yes,2806310494,N/A,N,N,N,5.5,8,5.5,30-Apr,26,,1,2,N,inhibit,inhibit,Y,Y,Y,Y,Y,Y,Y,Y,,1,3,2,3,3,,,3,3,1,2,1,3,,,,,,,3,,,,1,1,2,1,,,,,15,,,,,,,,,,,,,,,,,,,,,,Ga0132021_6520; Ga0132021_2598,Ga0132021_7180;Ga0132021_2962,negative,STREPTOBACILLI AND BACILLI,1.2,3.1,5.8433574,1.93E-08,9.76E+12,"microscopic, round, white to cream, edges entire",10,R2A,N,positive (genome confirms),,,"capable of microaerophilic, anaerobic, and aerobic growth",cytochrome bd-i ubiquinol oxidase; aa3 type cytochrome c oxidase subunit iv,killed,,Y,,Y,N,N (tubes),Y,Y,N,Y,Y,Y,Y,Y,N,N,Y,Aspartic acid,0.041,,,168,33,1,200,1,1,1,546,312,115,202,435,753,92.38,0,,,,,0,-0.05922951,0.06713331,,,,,0,1,,,,38.52350449,98,,
1,MT45,Actinobacteria,outside,4228602,3803,7.162206316,806.4,288,67,2,1,2,yes,2806310495,0.123,Y,Y,N,5.5,9,7,30-Apr,26,20-30,1,3,Y,inhibit,inhibit,N,Y,Y,Y,N,N,Y,Y,,3,4,4,1,2,,1,1,3,2,2,3,2,,,2,,1,,2,1,4,,1,,1,1,2,2,4,1,23,,,,,,,,,,,,,,,,,,,,,,Ga0132022_3671; Ga0132022_0030,Ga0132022_2075;Ga0132022_1244,positive,BACILLI,1.8,1.13,3.19499703,1.05E-08,6.49E+12,,,,N- GROWTH ONLY ON SURFACE SO O2-LIMITED?,positive (genome confirms),,,microaerophile,,survived,65,Y,,Y,Y,N,Y,Y,Y,Y,Y,Y,Y,Y,N,N,N,none,0.074,,177,108,54,1,191,1,1,0,338,342,189,153,148,490,115.88,22,0.65,0,0,7.9,30.55,0.030074744,-0.019631895,95,0.839,13.87,3.201,0,1,0.546459589,0.925370001,0.272104806,13.2431475,40,0.106,0.003211871
1,Njensenii,Actinobacteria,,5095531,4974,4.84288,38.24128,61,67,1,0,,yes,2806310496,0.06,,,,,,,30-Apr,26,20,,,,,,,,,,,,,,,,,,,,,,,,,,,,,,,,,,,,,,,,,,,,,,0,,,,,,,,,,,,,,,,,,,,,,NA,NA,,,,,N/A,,,,,,,has gene,,,,,,,,,,,,,,,,,,,,,,,,,,,,8,,44,1,0,0,360,411,188,222,171,583,114.41,0,0,0.19,0,1.4,1.59,-0.013098064,0.019158887,50,0.872,,,,,0.531559602,0.926984835,0.249275541,20.60629206,65,0.099,-0.008709409